"Date ","series ","OPEN ","HIGH ","LOW ","PREV. CLOSE ","ltp ","close ","vwap ","52W H ","52W L ","VOLUME ","VALUE ","No of trades "
"07-Mar-2024","EQ","1,275.00","1,293.10","1,265.55","1,271.00","1,283.20","1,288.15","1,281.70","1,416.30","981.05","20,73,691","2,65,78,50,269.40","94,123"
"06-Mar-2024","EQ","1,267.50","1,274.35","1,250.10","1,272.50","1,271.00","1,271.00","1,261.48","1,416.30","981.05","20,64,350","2,60,41,34,310.50","94,379"
"05-Mar-2024","EQ","1,274.90","1,279.90","1,259.10","1,280.05","1,270.60","1,272.50","1,271.83","1,416.30","981.05","14,20,379","1,80,64,78,256.30","91,152"
"04-Mar-2024","EQ","1,275.60","1,285.50","1,270.10","1,272.50","1,280.80","1,280.05","1,277.72","1,416.30","981.05","18,43,831","2,35,59,07,739.75","79,537"
"02-Mar-2024","EQ","1,278.00","1,282.00","1,271.00","1,271.80","1,271.90","1,272.50","1,274.88","1,416.30","981.05","2,17,683","27,75,19,800.50","6,538"
"01-Mar-2024","EQ","1,287.00","1,287.00","1,268.00","1,273.85","1,273.00","1,271.80","1,275.29","1,416.30","981.05","15,60,034","1,98,94,90,077.70","1,00,599"
"29-Feb-2024","EQ","1,280.00","1,285.20","1,264.25","1,285.85","1,278.90","1,273.85","1,275.31","1,416.30","981.05","22,51,498","2,87,13,47,959.85","1,19,463"
"28-Feb-2024","EQ","1,302.00","1,306.05","1,271.00","1,296.05","1,275.00","1,285.85","1,296.66","1,416.30","981.05","12,89,779","1,67,24,05,215.20","90,157"
"27-Feb-2024","EQ","1,295.00","1,305.05","1,283.70","1,298.25","1,293.25","1,296.05","1,295.42","1,416.30","981.05","14,88,661","1,92,84,42,169.55","81,153"
"26-Feb-2024","EQ","1,322.25","1,324.90","1,295.00","1,322.25","1,295.80","1,298.25","1,301.92","1,416.30","981.05","11,96,507","1,55,77,57,862.35","77,328"
"23-Feb-2024","EQ","1,338.90","1,342.55","1,316.30","1,328.10","1,319.90","1,322.25","1,329.57","1,416.30","981.05","16,60,506","2,20,77,53,978.00","74,224"
"22-Feb-2024","EQ","1,307.00","1,330.50","1,299.35","1,296.60","1,325.00","1,328.10","1,315.33","1,416.30","981.05","22,01,424","2,89,56,05,544.50","1,20,069"
"21-Feb-2024","EQ","1,320.00","1,325.00","1,292.20","1,320.55","1,298.55","1,296.60","1,309.26","1,416.30","981.05","17,69,508","2,31,67,39,662.50","67,783"
"20-Feb-2024","EQ","1,310.00","1,323.65","1,302.00","1,310.00","1,323.00","1,320.55","1,312.39","1,416.30","981.05","21,13,200","2,77,33,41,468.00","89,941"
"19-Feb-2024","EQ","1,302.95","1,318.00","1,287.45","1,302.55","1,308.30","1,310.00","1,305.79","1,416.30","981.05","14,96,111","1,95,36,06,928.00","71,193"
"16-Feb-2024","EQ","1,305.10","1,309.20","1,298.00","1,300.35","1,300.40","1,302.55","1,302.43","1,416.30","981.05","19,94,659","2,59,79,12,989.90","81,092"
"15-Feb-2024","EQ","1,304.70","1,308.00","1,291.55","1,292.90","1,299.35","1,300.35","1,300.62","1,416.30","981.05","17,03,763","2,21,59,54,346.60","87,600"
"14-Feb-2024","EQ","1,310.00","1,319.95","1,282.65","1,328.45","1,291.10","1,292.90","1,294.69","1,416.30","981.05","34,26,103","4,43,57,34,287.30","1,32,735"
"13-Feb-2024","EQ","1,321.95","1,334.80","1,300.00","1,318.80","1,334.80","1,328.45","1,316.49","1,416.30","981.05","11,27,361","1,48,41,62,645.60","1,03,251"
"12-Feb-2024","EQ","1,318.40","1,331.00","1,311.10","1,311.05","1,317.10","1,318.80","1,321.42","1,416.30","981.05","11,49,683","1,51,92,11,486.75","67,000"
"09-Feb-2024","EQ","1,317.00","1,321.45","1,305.95","1,309.25","1,310.00","1,311.05","1,311.77","1,416.30","981.05","10,85,349","1,42,37,27,984.10","78,853"
"08-Feb-2024","EQ","1,326.00","1,329.65","1,302.00","1,318.00","1,310.00","1,309.25","1,310.98","1,416.30","981.05","23,08,756","3,02,67,42,084.95","1,41,215"
"07-Feb-2024","EQ","1,351.50","1,358.70","1,314.05","1,351.05","1,315.00","1,318.00","1,328.44","1,416.30","981.05","20,04,588","2,66,29,77,766.05","74,156"
"06-Feb-2024","EQ","1,330.00","1,362.40","1,328.10","1,332.75","1,355.10","1,351.05","1,349.05","1,416.30","981.05","27,13,529","3,66,06,93,775.10","1,08,028"
"05-Feb-2024","EQ","1,345.80","1,353.10","1,328.00","1,338.10","1,332.60","1,332.75","1,341.44","1,416.30","981.05","9,53,919","1,27,96,24,094.65","60,068"
"02-Feb-2024","EQ","1,323.50","1,354.00","1,323.05","1,312.50","1,340.20","1,338.10","1,338.99","1,416.30","981.05","18,38,847","2,46,22,00,628.90","1,02,017"
"01-Feb-2024","EQ","1,330.00","1,336.35","1,309.75","1,333.65","1,313.30","1,312.50","1,320.65","1,416.30","981.05","22,86,420","3,01,95,52,779.95","94,124"
"31-Jan-2024","EQ","1,318.10","1,336.00","1,312.30","1,317.85","1,330.00","1,333.65","1,326.09","1,416.30","981.05","17,98,462","2,38,49,19,879.70","1,00,001"
"30-Jan-2024","EQ","1,323.95","1,340.95","1,315.00","1,314.35","1,319.45","1,317.85","1,327.28","1,416.30","981.05","22,93,154","3,04,36,47,325.20","77,946"
"29-Jan-2024","EQ","1,338.00","1,338.00","1,311.00","1,322.05","1,316.40","1,314.35","1,320.23","1,416.30","981.05","24,95,791","3,29,50,07,768.95","1,03,180"
"25-Jan-2024","EQ","1,348.00","1,356.35","1,312.05","1,407.95","1,325.00","1,322.05","1,330.70","1,416.30","981.05","84,24,862","11,21,09,67,101.65","2,93,897"
"24-Jan-2024","EQ","1,372.95","1,410.50","1,365.55","1,366.65","1,405.00","1,407.95","1,389.95","1,416.30","981.05","20,08,135","2,79,12,10,337.40","1,03,827"
"23-Jan-2024","EQ","1,396.50","1,416.30","1,356.75","1,385.60","1,365.20","1,366.65","1,388.46","1,416.30","981.05","26,83,661","3,72,61,47,936.40","1,32,755"
"20-Jan-2024","EQ","1,405.00","1,406.20","1,376.00","1,389.90","1,385.00","1,385.60","1,391.79","1,406.20","981.05","10,01,018","1,39,32,05,096.15","38,662"
"19-Jan-2024","EQ","1,373.90","1,397.85","1,355.00","1,355.15","1,390.65","1,389.90","1,384.55","1,401.50","981.05","44,63,826","6,18,03,92,960.70","1,94,608"
"18-Jan-2024","EQ","1,326.70","1,369.50","1,306.00","1,326.75","1,358.00","1,355.15","1,342.32","1,401.50","981.05","45,33,782","6,08,58,07,482.00","1,67,235"
"17-Jan-2024","EQ","1,306.00","1,334.50","1,305.25","1,320.40","1,333.00","1,326.75","1,323.31","1,401.50","981.05","23,13,059","3,06,08,86,904.10","1,33,308"
"16-Jan-2024","EQ","1,330.10","1,332.20","1,310.50","1,337.65","1,321.05","1,320.40","1,319.87","1,401.50","981.05","18,83,106","2,48,54,56,665.25","95,335"
"15-Jan-2024","EQ","1,335.00","1,401.50","1,333.85","1,308.05","1,334.00","1,337.65","1,357.16","1,401.50","981.05","60,12,767","8,16,02,67,553.55","2,43,064"
"12-Jan-2024","EQ","1,271.80","1,311.75","1,267.00","1,249.40","1,308.00","1,308.05","1,299.39","1,333.05","981.05","50,23,455","6,52,74,10,321.35","2,03,278"
"11-Jan-2024","EQ","1,240.90","1,261.80","1,240.90","1,240.90","1,249.00","1,249.40","1,251.80","1,333.05","981.05","9,30,492","1,16,47,89,979.35","79,256"
"10-Jan-2024","EQ","1,236.50","1,246.45","1,228.30","1,235.65","1,239.50","1,240.90","1,239.46","1,333.05","981.05","8,08,638","1,00,22,74,339.65","48,318"
"09-Jan-2024","EQ","1,240.55","1,251.20","1,232.60","1,228.95","1,238.40","1,235.65","1,242.22","1,333.05","981.05","9,94,439","1,23,53,08,782.25","62,494"
"08-Jan-2024","EQ","1,250.20","1,254.25","1,221.40","1,248.30","1,223.00","1,228.95","1,234.56","1,333.05","981.05","13,20,667","1,63,04,36,710.40","1,00,460"
"05-Jan-2024","EQ","1,254.90","1,271.85","1,245.55","1,247.50","1,249.75","1,248.30","1,257.02","1,333.05","981.05","17,56,868","2,20,84,11,648.95","1,06,979"
"04-Jan-2024","EQ","1,250.10","1,254.70","1,231.70","1,244.20","1,249.00","1,247.50","1,240.56","1,333.05","981.05","33,55,191","4,16,23,07,601.35","1,04,292"
"03-Jan-2024","EQ","1,265.00","1,274.00","1,240.00","1,278.10","1,241.00","1,244.20","1,252.06","1,333.05","981.05","22,31,707","2,79,42,23,788.15","1,05,571"
"02-Jan-2024","EQ","1,298.00","1,299.10","1,272.85","1,297.15","1,279.00","1,278.10","1,279.52","1,333.05","981.05","16,15,064","2,06,65,06,398.45","79,628"
"01-Jan-2024","EQ","1,273.00","1,303.80","1,265.25","1,272.65","1,292.70","1,297.15","1,291.24","1,333.05","981.05","17,76,828","2,29,43,17,512.65","93,141"
"29-Dec-2023","EQ","1,285.95","1,291.95","1,268.10","1,285.95","1,272.80","1,272.65","1,276.35","1,333.05","981.05","11,87,193","1,51,52,70,248.60","81,226"
"28-Dec-2023","EQ","1,285.00","1,289.00","1,270.55","1,280.15","1,287.00","1,285.95","1,281.95","1,333.05","981.05","22,84,964","2,92,92,02,846.20","1,03,606"
"27-Dec-2023","EQ","1,287.90","1,291.50","1,267.25","1,282.00","1,278.30","1,280.15","1,278.07","1,333.05","981.05","15,84,695","2,02,53,58,454.35","73,057"
"26-Dec-2023","EQ","1,275.00","1,288.75","1,260.55","1,275.15","1,280.00","1,282.00","1,277.64","1,333.05","981.05","17,20,830","2,19,85,96,075.85","72,021"
"22-Dec-2023","EQ","1,260.00","1,280.90","1,242.50","1,250.10","1,272.00","1,275.15","1,260.36","1,333.05","981.05","22,97,352","2,89,54,98,295.05","1,02,975"
"21-Dec-2023","EQ","1,232.00","1,258.55","1,226.00","1,248.60","1,250.00","1,250.10","1,246.37","1,333.05","981.05","33,37,533","4,15,97,94,846.05","1,06,031"
"20-Dec-2023","EQ","1,291.00","1,314.00","1,238.20","1,281.45","1,240.00","1,248.60","1,276.83","1,333.05","981.05","28,60,865","3,65,28,38,678.45","1,04,221"
"19-Dec-2023","EQ","1,300.00","1,300.95","1,269.20","1,291.75","1,281.00","1,281.45","1,279.39","1,333.05","981.05","17,17,860","2,19,78,07,760.30","73,751"
"18-Dec-2023","EQ","1,305.00","1,333.05","1,286.45","1,306.10","1,290.00","1,291.75","1,310.58","1,333.05","981.05","26,71,348","3,50,10,05,974.40","97,390"
"15-Dec-2023","EQ","1,270.00","1,324.80","1,262.50","1,264.70","1,307.50","1,306.10","1,303.86","1,324.80","981.05","59,00,381","7,69,32,59,229.65","1,95,657"
"14-Dec-2023","EQ","1,235.00","1,269.80","1,230.15","1,216.10","1,260.70","1,264.70","1,257.45","1,320.00","981.05","52,87,733","6,64,90,80,157.65","1,91,845"
"13-Dec-2023","EQ","1,226.00","1,233.95","1,197.05","1,226.15","1,217.00","1,216.10","1,209.76","1,320.00","981.05","30,25,706","3,66,03,76,323.30","79,245"
"12-Dec-2023","EQ","1,237.95","1,245.00","1,218.65","1,233.30","1,226.00","1,226.15","1,233.14","1,320.00","981.05","11,14,846","1,37,47,56,009.85","64,761"
"11-Dec-2023","EQ","1,231.00","1,240.50","1,225.30","1,225.30","1,231.50","1,233.30","1,234.74","1,320.00","981.05","15,58,876","1,92,48,10,394.90","66,639"
"08-Dec-2023","EQ","1,230.00","1,237.95","1,217.25","1,223.25","1,224.10","1,225.30","1,226.87","1,320.00","981.05","26,42,571","3,24,21,01,136.90","79,775"
"07-Dec-2023","EQ","1,226.00","1,231.00","1,220.10","1,225.20","1,222.00","1,223.25","1,225.03","1,320.00","981.05","10,76,885","1,31,92,21,023.45","60,193"
"06-Dec-2023","EQ","1,223.00","1,247.00","1,218.65","1,220.60","1,225.90","1,225.20","1,226.76","1,320.00","981.05","26,37,916","3,23,60,94,284.05","64,885"
"05-Dec-2023","EQ","1,224.00","1,226.25","1,208.85","1,223.90","1,222.95","1,220.60","1,215.83","1,320.00","981.05","14,99,843","1,82,35,56,369.20","61,251"
"04-Dec-2023","EQ","1,238.00","1,249.20","1,218.00","1,220.55","1,224.90","1,223.90","1,226.55","1,320.00","981.05","15,81,599","1,93,99,17,044.60","66,880"
"01-Dec-2023","EQ","1,226.80","1,226.80","1,211.55","1,220.95","1,220.30","1,220.55","1,218.63","1,320.00","981.05","10,17,856","1,24,03,93,390.75","51,674"
"30-Nov-2023","EQ","1,222.00","1,228.30","1,208.70","1,221.70","1,219.75","1,220.95","1,219.13","1,320.00","981.05","29,78,406","3,63,10,78,663.40","88,499"
"29-Nov-2023","EQ","1,207.00","1,234.60","1,206.65","1,202.40","1,222.10","1,221.70","1,224.63","1,320.00","981.05","18,98,448","2,32,49,00,062.95","87,515"
"28-Nov-2023","EQ","1,195.10","1,209.00","1,186.00","1,197.85","1,208.00","1,202.40","1,196.31","1,320.00","981.05","9,10,795","1,08,95,97,170.85","45,464"
"24-Nov-2023","EQ","1,212.05","1,214.95","1,195.10","1,210.90","1,197.20","1,197.85","1,204.11","1,320.00","981.05","8,84,921","1,06,55,41,367.45","62,712"
"23-Nov-2023","EQ","1,215.00","1,220.90","1,206.95","1,215.40","1,211.75","1,210.90","1,212.30","1,320.00","981.05","6,51,637","78,99,82,746.95","34,858"
"22-Nov-2023","EQ","1,205.00","1,218.00","1,204.00","1,204.50","1,215.90","1,215.40","1,213.47","1,320.00","981.05","7,50,622","91,08,58,138.00","49,510"
"21-Nov-2023","EQ","1,219.95","1,221.15","1,200.40","1,211.80","1,202.00","1,204.50","1,207.39","1,320.00","981.05","11,29,326","1,36,35,41,510.50","52,079"
"20-Nov-2023","EQ","1,204.90","1,222.50","1,202.75","1,202.75","1,211.00","1,211.80","1,212.79","1,320.00","981.05","10,77,366","1,30,66,13,443.10","46,952"
"17-Nov-2023","EQ","1,212.20","1,213.95","1,198.00","1,207.20","1,200.85","1,202.75","1,204.41","1,320.00","981.05","11,76,628","1,41,71,38,320.45","56,751"
"16-Nov-2023","EQ","1,175.00","1,214.95","1,167.40","1,173.75","1,207.50","1,207.20","1,199.10","1,320.00","981.05","22,94,942","2,75,18,70,297.05","1,43,802"
"15-Nov-2023","EQ","1,145.00","1,178.85","1,143.50","1,131.35","1,174.00","1,173.75","1,169.37","1,320.00","981.05","28,16,201","3,29,31,86,141.15","86,509"
"13-Nov-2023","EQ","1,140.60","1,142.15","1,128.00","1,142.15","1,131.05","1,131.35","1,132.03","1,320.00","981.05","4,35,537","49,30,39,958.65","28,855"
"12-Nov-2023","EQ","1,146.00","1,147.15","1,140.00","1,138.15","1,140.30","1,142.15","1,143.18","1,320.00","981.05","86,328","9,86,88,278.85","6,257"
"10-Nov-2023","EQ","1,122.00","1,139.75","1,121.50","1,123.95","1,138.00","1,138.15","1,132.75","1,320.00","981.05","7,06,806","80,06,33,737.15","40,940"
"09-Nov-2023","EQ","1,140.00","1,141.00","1,117.20","1,139.15","1,123.00","1,123.95","1,123.02","1,320.00","981.05","60,42,108","6,78,54,34,918.95","99,498"
"08-Nov-2023","EQ","1,151.75","1,152.85","1,137.05","1,149.00","1,138.85","1,139.15","1,144.63","1,320.00","981.05","8,06,162","92,27,57,594.60","55,262"
"07-Nov-2023","EQ","1,142.00","1,150.30","1,136.55","1,142.15","1,149.50","1,149.00","1,145.36","1,320.00","981.05","9,02,481","1,03,36,62,801.30","53,117"
"06-Nov-2023","EQ","1,137.50","1,144.80","1,134.35","1,133.10","1,143.60","1,142.15","1,139.82","1,320.00","981.05","5,72,330","65,23,52,775.20","42,734"
"03-Nov-2023","EQ","1,124.00","1,136.00","1,116.00","1,115.50","1,135.00","1,133.10","1,131.25","1,320.00","981.05","11,08,121","1,25,35,57,448.00","62,196"
"02-Nov-2023","EQ","1,125.00","1,130.00","1,113.80","1,125.10","1,117.55","1,115.50","1,120.94","1,320.00","981.05","24,93,118","2,79,46,35,417.95","82,434"
"01-Nov-2023","EQ","1,130.95","1,138.00","1,119.95","1,133.15","1,122.95","1,125.10","1,129.19","1,320.00","981.05","12,88,497","1,45,49,58,277.25","60,198"
"31-Oct-2023","EQ","1,126.90","1,137.15","1,115.55","1,126.90","1,133.00","1,133.15","1,127.11","1,320.00","981.05","11,94,765","1,34,66,32,374.50","60,751"
"30-Oct-2023","EQ","1,120.55","1,138.90","1,115.50","1,120.55","1,126.70","1,126.90","1,127.06","1,320.00","981.05","22,55,915","2,54,25,44,012.80","71,257"
"27-Oct-2023","EQ","1,119.95","1,125.95","1,114.05","1,115.45","1,121.00","1,120.55","1,121.23","1,320.00","981.05","13,82,498","1,55,00,93,742.85","67,266"
"26-Oct-2023","EQ","1,100.05","1,120.00","1,098.15","1,142.15","1,119.95","1,115.45","1,108.93","1,320.00","981.05","70,99,401","7,87,27,54,288.95","2,38,730"
"25-Oct-2023","EQ","1,162.00","1,165.90","1,136.50","1,155.95","1,139.90","1,142.15","1,151.54","1,320.00","981.05","15,55,285","1,79,09,71,120.00","64,583"
"23-Oct-2023","EQ","1,164.10","1,170.95","1,151.55","1,170.70","1,153.50","1,155.95","1,162.07","1,320.00","981.05","12,03,959","1,39,90,83,234.20","57,358"
"20-Oct-2023","EQ","1,170.00","1,176.00","1,148.40","1,172.15","1,167.20","1,170.70","1,165.75","1,320.00","981.05","29,62,470","3,45,35,12,757.35","1,11,994"
"19-Oct-2023","EQ","1,170.55","1,185.45","1,167.80","1,187.10","1,169.00","1,172.15","1,176.08","1,320.00","981.05","31,07,691","3,65,48,88,064.00","1,23,946"
"18-Oct-2023","EQ","1,200.00","1,202.00","1,178.05","1,197.60","1,185.00","1,187.10","1,186.94","1,320.00","981.05","23,37,078","2,77,39,67,627.60","78,850"
"17-Oct-2023","EQ","1,190.00","1,203.00","1,188.45","1,184.60","1,197.95","1,197.60","1,195.97","1,320.00","981.05","11,63,897","1,39,19,85,032.25","57,311"
"16-Oct-2023","EQ","1,195.30","1,198.25","1,180.80","1,194.10","1,183.45","1,184.60","1,188.36","1,320.00","981.05","26,38,043","3,13,49,51,016.75","63,872"
"13-Oct-2023","EQ","1,187.00","1,202.95","1,180.00","1,198.75","1,193.10","1,194.10","1,189.60","1,320.00","981.05","32,66,079","3,88,53,32,208.30","1,06,240"
"12-Oct-2023","EQ","1,232.00","1,232.00","1,189.30","1,231.60","1,197.25","1,198.75","1,208.07","1,320.00","981.05","24,52,842","2,96,31,93,325.85","1,19,804"
"11-Oct-2023","EQ","1,230.10","1,238.90","1,222.00","1,227.75","1,230.00","1,231.60","1,231.55","1,320.00","981.05","16,22,663","1,99,83,96,813.15","70,594"
"10-Oct-2023","EQ","1,215.20","1,231.45","1,213.00","1,212.65","1,228.40","1,227.75","1,222.54","1,320.00","981.05","15,03,359","1,83,79,13,186.55","87,146"
"09-Oct-2023","EQ","1,203.25","1,227.75","1,202.15","1,216.90","1,210.10","1,212.65","1,217.43","1,320.00","981.05","14,51,064","1,76,65,63,076.95","78,562"
"06-Oct-2023","EQ","1,207.00","1,223.00","1,205.00","1,205.60","1,215.10","1,216.90","1,215.73","1,320.00","981.05","14,46,719","1,75,88,24,474.30","78,708"
"05-Oct-2023","EQ","1,214.00","1,223.95","1,199.50","1,205.00","1,206.40","1,205.60","1,209.00","1,320.00","981.05","24,97,613","3,01,96,03,567.80","1,12,098"
"04-Oct-2023","EQ","1,210.00","1,215.50","1,186.05","1,216.20","1,206.60","1,205.00","1,198.55","1,320.00","981.05","23,40,603","2,80,53,23,628.90","79,445"
"03-Oct-2023","EQ","1,220.60","1,230.70","1,212.55","1,222.80","1,216.95","1,216.20","1,220.74","1,320.00","981.05","16,22,290","1,98,03,92,808.50","66,223"
"29-Sep-2023","EQ","1,224.00","1,231.65","1,210.00","1,229.50","1,225.00","1,222.80","1,224.44","1,320.00","981.05","28,61,162","3,50,33,18,805.90","93,062"
"28-Sep-2023","EQ","1,274.05","1,274.05","1,222.00","1,288.65","1,235.05","1,229.50","1,240.18","1,320.00","981.05","65,70,797","8,14,89,79,780.65","1,89,292"
"27-Sep-2023","EQ","1,269.95","1,293.90","1,264.00","1,282.30","1,290.00","1,288.65","1,282.97","1,320.00","981.05","15,68,115","2,01,18,37,162.70","62,398"
"26-Sep-2023","EQ","1,300.00","1,303.05","1,279.15","1,299.45","1,282.75","1,282.30","1,284.99","1,320.00","981.05","11,41,475","1,46,67,87,606.10","49,511"
"25-Sep-2023","EQ","1,305.35","1,314.40","1,296.05","1,305.35","1,298.05","1,299.45","1,304.20","1,320.00","981.05","21,00,302","2,73,92,10,889.00","72,443"
"22-Sep-2023","EQ","1,290.05","1,320.00","1,284.00","1,291.65","1,306.00","1,305.35","1,307.75","1,320.00","981.05","32,52,940","4,25,40,27,267.45","1,21,571"
"21-Sep-2023","EQ","1,275.95","1,296.00","1,265.90","1,274.35","1,292.60","1,291.65","1,284.82","1,303.70","981.05","29,60,250","3,80,33,80,812.65","1,33,257"
"20-Sep-2023","EQ","1,282.00","1,289.15","1,269.05","1,289.80","1,274.20","1,274.35","1,277.10","1,303.70","981.05","28,43,560","3,63,15,07,978.50","1,41,973"
"18-Sep-2023","EQ","1,301.00","1,302.00","1,283.00","1,300.05","1,290.50","1,289.80","1,291.25","1,303.70","981.05","19,67,717","2,54,08,21,292.55","75,868"
"15-Sep-2023","EQ","1,278.20","1,303.70","1,274.00","1,279.85","1,298.00","1,300.05","1,291.49","1,303.70","981.05","43,16,210","5,57,43,56,426.90","1,31,477"
"14-Sep-2023","EQ","1,262.00","1,289.35","1,262.00","1,260.40","1,279.30","1,279.85","1,280.89","1,289.35","981.05","32,88,631","4,21,23,77,193.60","1,40,853"
"13-Sep-2023","EQ","1,260.30","1,268.75","1,253.90","1,266.00","1,260.00","1,260.40","1,260.96","1,283.80","981.05","12,04,376","1,51,86,65,231.60","61,092"
"12-Sep-2023","EQ","1,271.80","1,283.80","1,251.55","1,268.85","1,264.70","1,266.00","1,268.98","1,283.80","981.05","23,35,224","2,96,33,45,982.80","1,13,402"
"11-Sep-2023","EQ","1,265.00","1,275.00","1,263.50","1,262.95","1,265.00","1,268.85","1,268.32","1,278.00","981.05","12,93,853","1,64,10,23,520.70","64,565"
"08-Sep-2023","EQ","1,272.00","1,278.00","1,259.05","1,269.25","1,261.00","1,262.95","1,265.00","1,278.00","981.05","17,31,105","2,18,98,45,680.35","85,951"
"07-Sep-2023","EQ","1,248.95","1,274.85","1,238.65","1,248.95","1,269.00","1,269.25","1,265.07","1,274.85","981.05","25,54,884","3,23,21,00,183.20","1,11,033"
"06-Sep-2023","EQ","1,254.55","1,259.60","1,235.85","1,254.55","1,250.50","1,248.95","1,247.15","1,270.75","981.05","17,53,376","2,18,67,26,691.35","84,611"
"05-Sep-2023","EQ","1,258.75","1,266.60","1,248.65","1,256.75","1,249.00","1,254.55","1,258.03","1,270.75","981.05","21,99,985","2,76,76,46,672.85","82,890"
"04-Sep-2023","EQ","1,235.00","1,266.00","1,225.55","1,228.05","1,256.05","1,256.75","1,248.66","1,270.75","981.05","34,66,873","4,32,89,62,389.25","1,61,948"
"01-Sep-2023","EQ","1,205.00","1,229.90","1,204.05","1,201.95","1,229.00","1,228.05","1,219.65","1,270.75","981.05","16,86,038","2,05,63,70,321.25","1,14,085"
"31-Aug-2023","EQ","1,199.00","1,214.50","1,198.00","1,197.20","1,204.05","1,201.95","1,205.94","1,270.75","981.05","28,17,747","3,39,80,22,928.20","87,028"
"30-Aug-2023","EQ","1,207.95","1,221.60","1,194.55","1,198.00","1,197.00","1,197.20","1,210.53","1,270.75","981.05","20,16,339","2,44,08,41,123.30","68,071"
"29-Aug-2023","EQ","1,192.40","1,207.90","1,188.25","1,184.75","1,203.75","1,198.00","1,199.85","1,270.75","981.05","14,19,344","1,70,29,96,622.15","52,694"
"28-Aug-2023","EQ","1,189.55","1,196.30","1,182.30","1,189.50","1,186.50","1,184.75","1,187.63","1,270.75","981.05","9,50,013","1,12,82,64,935.70","41,148"
"25-Aug-2023","EQ","1,190.00","1,197.20","1,178.45","1,199.10","1,186.95","1,189.50","1,186.85","1,270.75","981.05","12,13,340","1,44,00,58,507.85","63,607"
"24-Aug-2023","EQ","1,206.20","1,216.50","1,196.70","1,201.00","1,197.05","1,199.10","1,205.54","1,270.75","981.05","12,18,843","1,46,93,65,406.95","55,507"
"23-Aug-2023","EQ","1,213.20","1,218.85","1,199.20","1,213.20","1,199.20","1,201.00","1,206.55","1,270.75","981.05","15,69,035","1,89,31,26,542.45","52,382"
"22-Aug-2023","EQ","1,218.85","1,223.00","1,209.25","1,218.85","1,213.40","1,213.20","1,213.26","1,270.75","981.05","10,03,208","1,21,71,50,410.60","52,250"
"21-Aug-2023","EQ","1,205.00","1,224.00","1,204.35","1,210.80","1,214.45","1,218.85","1,218.61","1,270.75","981.05","11,75,945","1,43,30,14,854.10","57,525"
"18-Aug-2023","EQ","1,225.95","1,225.95","1,205.15","1,231.75","1,206.95","1,210.80","1,213.26","1,270.75","981.05","17,94,430","2,17,71,17,248.15","66,029"
"17-Aug-2023","EQ","1,225.00","1,233.90","1,214.55","1,227.85","1,229.10","1,231.75","1,226.28","1,270.75","981.05","26,36,308","3,23,28,63,831.25","94,693"
"16-Aug-2023","EQ","1,221.00","1,239.00","1,220.00","1,219.75","1,227.10","1,227.85","1,230.28","1,270.75","981.05","23,41,456","2,88,06,36,229.45","79,074"
"14-Aug-2023","EQ","1,212.10","1,221.20","1,203.00","1,220.45","1,221.00","1,219.75","1,215.07","1,270.75","981.05","18,42,625","2,23,89,26,928.55","1,09,750"
"11-Aug-2023","EQ","1,235.80","1,250.35","1,215.30","1,235.80","1,216.00","1,220.45","1,228.23","1,270.75","981.05","29,33,959","3,60,35,75,846.45","1,23,063"
"10-Aug-2023","EQ","1,220.00","1,239.20","1,215.60","1,228.00","1,236.00","1,235.80","1,232.55","1,270.75","981.05","37,15,680","4,57,97,50,430.40","92,272"
"09-Aug-2023","EQ","1,206.95","1,236.50","1,200.20","1,205.40","1,224.40","1,228.00","1,224.66","1,270.75","981.05","33,96,984","4,16,01,33,720.35","90,053"
"08-Aug-2023","EQ","1,186.00","1,208.90","1,175.10","1,183.65","1,205.10","1,205.40","1,198.12","1,270.75","981.05","51,37,402","6,15,52,03,408.25","1,32,638"
"07-Aug-2023","EQ","1,180.00","1,192.85","1,172.10","1,175.20","1,180.90","1,183.65","1,184.46","1,270.75","981.05","16,94,290","2,00,68,18,022.85","62,794"
"04-Aug-2023","EQ","1,153.95","1,181.85","1,142.80","1,142.80","1,173.05","1,175.20","1,168.30","1,270.75","981.05","35,80,506","4,18,31,21,598.75","90,185"
"03-Aug-2023","EQ","1,140.00","1,146.95","1,121.30","1,145.65","1,140.90","1,142.80","1,135.27","1,270.75","981.05","23,48,236","2,66,58,82,476.40","77,811"
"02-Aug-2023","EQ","1,143.00","1,152.60","1,125.60","1,143.50","1,147.50","1,145.65","1,135.95","1,270.75","981.05","23,57,217","2,67,76,91,526.50","81,862"
"01-Aug-2023","EQ","1,120.00","1,154.50","1,119.90","1,115.50","1,142.00","1,143.50","1,138.39","1,270.75","981.05","38,05,214","4,33,18,17,075.60","1,33,538"
"31-Jul-2023","EQ","1,095.00","1,119.00","1,087.15","1,091.05","1,119.00","1,115.50","1,106.37","1,270.75","981.05","47,66,331","5,27,33,19,515.10","1,41,668"
"28-Jul-2023","EQ","1,100.00","1,100.00","1,085.05","1,099.90","1,089.95","1,091.05","1,091.03","1,270.75","981.05","42,44,321","4,63,06,94,506.95","2,20,407"
"27-Jul-2023","EQ","1,111.00","1,125.00","1,082.30","1,143.20","1,101.85","1,099.90","1,102.58","1,270.75","981.05","1,75,94,818","19,39,96,92,356.00","3,28,306"
"26-Jul-2023","EQ","1,158.00","1,167.00","1,139.45","1,156.50","1,144.00","1,143.20","1,154.20","1,270.75","981.05","31,70,213","3,65,90,47,318.70","1,09,388"
"25-Jul-2023","EQ","1,164.00","1,164.70","1,145.00","1,161.85","1,156.45","1,156.50","1,153.55","1,270.75","981.05","25,57,865","2,95,06,27,435.85","1,03,299"
"24-Jul-2023","EQ","1,196.50","1,203.95","1,155.25","1,195.10","1,158.00","1,161.85","1,176.82","1,270.75","981.05","26,69,308","3,14,13,02,617.65","82,122"
"21-Jul-2023","EQ","1,199.50","1,217.95","1,181.00","1,252.95","1,196.50","1,195.10","1,200.51","1,270.75","981.05","50,32,086","6,04,10,67,037.00","1,30,502"
"20-Jul-2023","EQ","1,245.00","1,255.50","1,235.60","1,244.70","1,253.10","1,252.95","1,247.39","1,270.75","981.05","20,00,345","2,49,52,19,050.45","70,785"
"19-Jul-2023","EQ","1,255.00","1,261.70","1,231.10","1,247.55","1,245.00","1,244.70","1,247.28","1,270.75","981.05","22,93,881","2,86,11,23,132.70","81,687"
"18-Jul-2023","EQ","1,243.00","1,258.40","1,225.00","1,242.40","1,249.45","1,247.55","1,242.00","1,270.75","981.05","26,66,872","3,31,22,66,620.70","90,559"
"17-Jul-2023","EQ","1,235.90","1,270.75","1,220.65","1,228.65","1,244.00","1,242.40","1,247.70","1,270.75","981.05","48,80,073","6,08,88,71,657.15","1,46,658"
"14-Jul-2023","EQ","1,183.95","1,232.00","1,183.00","1,175.25","1,226.00","1,228.65","1,214.78","1,232.00","965.05","60,33,106","7,32,89,00,736.85","1,64,729"
"13-Jul-2023","EQ","1,159.40","1,191.90","1,153.50","1,159.40","1,181.45","1,175.25","1,179.36","1,191.90","965.05","32,15,610","3,79,23,58,126.15","1,09,486"
"12-Jul-2023","EQ","1,166.00","1,169.00","1,153.45","1,161.45","1,155.00","1,159.40","1,161.83","1,184.95","965.05","12,74,203","1,48,04,03,402.00","49,896"
"11-Jul-2023","EQ","1,154.65","1,166.20","1,145.10","1,147.15","1,161.75","1,161.45","1,157.97","1,184.95","965.05","12,12,566","1,40,41,17,782.35","61,204"
"10-Jul-2023","EQ","1,159.95","1,159.95","1,135.60","1,156.00","1,146.50","1,147.15","1,146.24","1,184.95","965.05","20,88,505","2,39,39,32,983.40","65,303"
"07-Jul-2023","EQ","1,170.00","1,184.30","1,151.25","1,179.25","1,155.00","1,156.00","1,165.81","1,184.95","965.05","22,61,102","2,63,60,24,785.00","71,816"
"06-Jul-2023","EQ","1,175.00","1,184.00","1,162.00","1,175.00","1,178.00","1,179.25","1,172.53","1,184.95","965.05","25,20,085","2,95,48,70,189.70","70,379"
"05-Jul-2023","EQ","1,150.80","1,184.95","1,146.50","1,148.00","1,176.50","1,175.00","1,169.60","1,184.95","965.05","37,32,838","4,36,59,32,527.85","1,04,957"
"04-Jul-2023","EQ","1,123.55","1,156.00","1,120.10","1,121.45","1,149.00","1,148.00","1,141.83","1,165.00","965.05","27,73,593","3,16,69,66,135.10","74,382"
"03-Jul-2023","EQ","1,136.00","1,136.90","1,115.10","1,130.85","1,121.65","1,121.45","1,122.89","1,165.00","965.05","18,99,656","2,13,30,96,466.15","66,324"
"30-Jun-2023","EQ","1,114.65","1,132.50","1,110.60","1,108.10","1,131.10","1,130.85","1,125.69","1,165.00","965.05","24,78,834","2,79,04,10,617.70","79,430"
"28-Jun-2023","EQ","1,120.00","1,126.95","1,104.70","1,119.70","1,108.25","1,108.10","1,114.89","1,165.00","965.05","18,76,800","2,09,24,26,070.10","60,527"
"27-Jun-2023","EQ","1,109.00","1,121.00","1,106.70","1,111.90","1,120.50","1,119.70","1,114.91","1,165.00","965.05","12,27,245","1,36,82,71,265.75","34,059"
"26-Jun-2023","EQ","1,112.20","1,126.00","1,108.30","1,115.50","1,113.25","1,111.90","1,117.85","1,165.00","965.05","14,32,154","1,60,09,33,735.00","61,798"
"23-Jun-2023","EQ","1,114.00","1,118.00","1,094.05","1,119.05","1,115.00","1,115.50","1,110.94","1,165.00","948.05","34,92,348","3,87,97,73,191.55","75,394"
"22-Jun-2023","EQ","1,116.90","1,126.25","1,110.40","1,119.90","1,120.05","1,119.05","1,118.55","1,165.00","948.05","23,60,795","2,64,06,67,384.85","62,130"
"21-Jun-2023","EQ","1,107.35","1,120.75","1,104.10","1,107.35","1,119.05","1,119.90","1,115.47","1,165.00","948.05","19,85,965","2,21,52,83,652.75","64,800"
"20-Jun-2023","EQ","1,093.60","1,110.95","1,088.20","1,093.60","1,108.50","1,107.35","1,104.87","1,165.00","948.05","33,18,866","3,66,69,30,050.85","74,779"
"19-Jun-2023","EQ","1,079.00","1,095.80","1,074.05","1,077.20","1,093.45","1,093.60","1,083.61","1,165.00","948.05","21,88,899","2,37,19,11,768.70","46,535"
"16-Jun-2023","EQ","1,083.50","1,086.95","1,071.45","1,081.50","1,079.00","1,077.20","1,077.70","1,165.00","943.70","43,92,418","4,73,37,30,623.70","70,416"
"15-Jun-2023","EQ","1,078.95","1,083.50","1,069.35","1,077.60","1,078.20","1,081.50","1,078.89","1,165.00","943.70","13,89,325","1,49,89,26,120.05","48,845"
"14-Jun-2023","EQ","1,080.00","1,084.95","1,071.05","1,079.40","1,078.00","1,077.60","1,077.86","1,165.00","943.70","13,21,534","1,42,44,32,042.90","44,108"
"13-Jun-2023","EQ","1,079.55","1,087.90","1,075.40","1,074.75","1,079.95","1,079.40","1,082.38","1,165.00","943.70","18,46,534","1,99,86,59,995.50","58,787"
"12-Jun-2023","EQ","1,066.00","1,079.00","1,062.15","1,063.05","1,075.00","1,074.75","1,074.81","1,165.00","943.70","17,67,945","1,90,02,08,886.55","46,547"
"09-Jun-2023","EQ","1,079.00","1,079.00","1,060.10","1,071.30","1,062.00","1,063.05","1,065.51","1,165.00","943.70","27,82,697","2,96,50,03,670.80","58,346"
"08-Jun-2023","EQ","1,101.00","1,101.50","1,069.00","1,095.70","1,073.40","1,071.30","1,079.17","1,165.00","943.70","40,54,486","4,37,54,96,081.50","81,034"
"07-Jun-2023","EQ","1,095.00","1,099.00","1,084.20","1,086.25","1,095.50","1,095.70","1,091.14","1,165.00","943.70","20,86,377","2,27,65,23,177.20","71,588"
"06-Jun-2023","EQ","1,100.00","1,102.00","1,071.55","1,109.35","1,089.00","1,086.25","1,083.32","1,165.00","943.70","32,84,841","3,55,85,33,798.85","1,16,005"
"05-Jun-2023","EQ","1,124.10","1,134.55","1,107.50","1,123.10","1,111.00","1,109.35","1,112.39","1,165.00","943.70","17,54,521","1,95,17,17,339.70","53,064"
"02-Jun-2023","EQ","1,128.00","1,139.20","1,117.60","1,120.80","1,120.15","1,123.10","1,127.04","1,197.00","943.70","19,07,589","2,14,99,23,087.10","69,306"
"01-Jun-2023","EQ","1,122.00","1,136.70","1,117.60","1,115.55","1,120.00","1,120.80","1,126.46","1,197.00","943.70","14,12,280","1,59,08,71,155.55","55,679"
"31-May-2023","EQ","1,098.40","1,127.45","1,096.00","1,098.40","1,123.95","1,115.55","1,115.81","1,197.00","943.70","75,99,886","8,48,00,25,267.75","1,05,798"
"30-May-2023","EQ","1,115.00","1,120.80","1,095.00","1,114.05","1,099.75","1,098.40","1,102.78","1,197.00","943.70","28,22,485","3,11,25,70,247.35","54,914"
"29-May-2023","EQ","1,128.05","1,128.05","1,110.10","1,114.75","1,114.50","1,114.05","1,116.02","1,197.00","943.70","14,32,241","1,59,84,03,431.30","40,942"
"26-May-2023","EQ","1,099.00","1,120.40","1,099.00","1,098.10","1,115.05","1,114.75","1,112.88","1,197.00","943.70","21,04,054","2,34,15,66,909.35","57,421"
"25-May-2023","EQ","1,097.00","1,100.00","1,081.55","1,098.75","1,099.00","1,098.10","1,093.40","1,197.00","943.70","12,00,289","1,31,23,94,922.80","35,676"
"24-May-2023","EQ","1,085.25","1,103.35","1,085.00","1,090.50","1,100.00","1,098.75","1,097.81","1,197.00","943.70","17,82,245","1,95,65,73,550.70","54,972"
"23-May-2023","EQ","1,104.00","1,119.20","1,086.40","1,104.45","1,091.40","1,090.50","1,103.12","1,197.00","943.70","14,14,119","1,55,99,49,957.65","50,175"
"22-May-2023","EQ","1,072.00","1,110.45","1,070.10","1,072.15","1,107.00","1,104.45","1,096.02","1,197.00","943.70","29,96,190","3,28,38,83,701.70","68,726"
"19-May-2023","EQ","1,056.55","1,078.75","1,049.00","1,048.70","1,072.00","1,072.15","1,069.42","1,230.50","943.70","26,24,323","2,80,65,05,525.50","76,912"
"18-May-2023","EQ","1,059.00","1,059.95","1,045.05","1,054.15","1,050.50","1,048.70","1,051.92","1,230.50","943.70","9,09,923","95,71,68,780.20","35,721"
"17-May-2023","EQ","1,058.00","1,066.40","1,039.00","1,057.20","1,054.00","1,054.15","1,049.88","1,230.50","943.70","28,03,566","2,94,34,02,156.90","1,04,091"
"16-May-2023","EQ","1,069.90","1,071.80","1,053.00","1,064.45","1,054.00","1,057.20","1,064.36","1,230.50","943.70","13,43,911","1,43,04,05,692.25","65,676"
"15-May-2023","EQ","1,046.00","1,069.90","1,042.00","1,046.35","1,062.90","1,064.45","1,063.53","1,230.50","943.70","21,22,222","2,25,70,51,878.25","89,072"
"12-May-2023","EQ","1,044.05","1,053.50","1,034.05","1,044.05","1,046.95","1,046.35","1,045.81","1,280.00","943.70","11,40,016","1,19,22,42,731.20","62,174"
"11-May-2023","EQ","1,055.00","1,058.80","1,042.95","1,046.15","1,045.40","1,044.05","1,050.14","1,280.00","943.70","14,51,786","1,52,45,76,557.60","43,509"
"10-May-2023","EQ","1,048.00","1,051.00","1,038.15","1,047.80","1,048.00","1,046.15","1,043.63","1,280.00","943.70","11,86,977","1,23,87,65,745.20","41,573"
"09-May-2023","EQ","1,048.40","1,051.45","1,039.85","1,043.35","1,048.00","1,047.80","1,047.64","1,280.00","943.70","17,47,630","1,83,08,91,720.95","39,775"
"08-May-2023","EQ","1,040.95","1,047.00","1,035.30","1,036.40","1,043.50","1,043.35","1,042.90","1,280.00","943.70","14,87,285","1,55,10,87,251.00","41,890"
"05-May-2023","EQ","1,046.00","1,050.70","1,031.55","1,045.45","1,037.30","1,036.40","1,039.62","1,299.00","943.70","12,22,282","1,27,07,10,677.85","46,635"
"04-May-2023","EQ","1,033.00","1,047.05","1,028.85","1,039.60","1,044.45","1,045.45","1,038.56","1,299.00","943.70","17,44,298","1,81,15,55,651.35","56,421"
"03-May-2023","EQ","1,039.90","1,050.75","1,038.25","1,053.45","1,039.50","1,039.60","1,043.72","1,299.00","943.70","22,17,136","2,31,40,62,241.60","60,818"
"02-May-2023","EQ","1,020.40","1,065.80","1,020.40","1,023.70","1,053.00","1,053.45","1,051.90","1,299.00","943.70","47,62,884","5,01,00,53,898.80","1,15,078"
"28-Apr-2023","EQ","981.95","1,026.70","981.05","1,003.15","1,022.20","1,023.70","1,012.99","1,299.00","943.70","51,46,250","5,21,30,75,982.20","1,02,974"
"27-Apr-2023","EQ","999.00","1,008.65","993.00","996.30","1,002.00","1,003.15","1,001.36","1,299.00","943.70","35,43,950","3,54,87,78,417.85","81,981"
"26-Apr-2023","EQ","997.00","1,002.50","992.70","997.00","995.90","996.30","997.17","1,299.00","943.70","15,89,700","1,58,52,04,510.75","51,333"
"25-Apr-2023","EQ","1,006.00","1,006.10","994.40","1,006.10","997.95","997.00","998.77","1,299.00","943.70","19,84,203","1,98,17,57,703.10","68,888"
"24-Apr-2023","EQ","1,002.00","1,007.45","991.00","998.75","1,006.00","1,006.10","1,000.35","1,299.00","943.70","16,25,433","1,62,59,96,993.20","54,641"
"21-Apr-2023","EQ","1,014.30","1,019.60","993.85","1,021.80","998.85","998.75","1,000.59","1,390.00","943.70","42,69,272","4,27,17,69,776.45","1,57,323"
"20-Apr-2023","EQ","1,015.10","1,023.80","1,010.05","1,013.90","1,021.95","1,021.80","1,019.58","1,390.00","943.70","12,50,758","1,27,52,49,200.10","37,783"
"19-Apr-2023","EQ","1,025.20","1,029.00","1,010.00","1,025.20","1,012.05","1,013.90","1,016.25","1,390.00","943.70","19,53,837","1,98,55,84,320.45","57,664"
"18-Apr-2023","EQ","1,034.80","1,037.75","1,011.00","1,029.95","1,025.00","1,025.20","1,020.88","1,390.00","943.70","27,35,592","2,79,26,99,837.10","72,915"
"17-Apr-2023","EQ","1,035.00","1,038.00","1,002.00","1,086.85","1,030.50","1,029.95","1,022.39","1,390.00","943.70","43,49,422","4,44,67,84,791.00","1,40,781"
"13-Apr-2023","EQ","1,100.25","1,100.25","1,076.00","1,109.90","1,085.80","1,086.85","1,085.41","1,462.35","943.70","27,25,180","2,95,79,26,720.35","71,716"
"12-Apr-2023","EQ","1,103.00","1,113.50","1,090.80","1,098.25","1,110.00","1,109.90","1,106.67","1,462.35","943.70","13,76,719","1,52,35,77,269.50","50,850"
"11-Apr-2023","EQ","1,108.00","1,117.00","1,092.40","1,107.25","1,098.95","1,098.25","1,103.83","1,462.35","943.70","13,84,483","1,52,82,40,349.50","51,552"
"10-Apr-2023","EQ","1,096.35","1,111.75","1,090.85","1,092.75","1,107.90","1,107.25","1,104.61","1,462.35","943.70","9,40,829","1,03,92,47,426.50","36,428"
"06-Apr-2023","EQ","1,104.00","1,104.95","1,083.00","1,103.50","1,093.10","1,092.75","1,092.15","1,522.50","943.70","13,55,815","1,48,07,57,818.40","46,689"
"05-Apr-2023","EQ","1,102.00","1,115.00","1,098.60","1,103.20","1,104.25","1,103.50","1,107.29","1,522.50","943.70","19,47,605","2,15,65,71,462.15","65,138"
"03-Apr-2023","EQ","1,104.60","1,105.00","1,085.10","1,101.85","1,105.00","1,103.20","1,093.59","1,522.50","943.70","15,08,662","1,64,98,61,689.00","55,068"
"31-Mar-2023","EQ","1,095.00","1,106.00","1,091.45","1,081.10","1,102.80","1,101.85","1,098.67","1,539.55","943.70","22,81,085","2,50,61,55,193.00","78,682"
"29-Mar-2023","EQ","1,075.70","1,087.40","1,065.10","1,070.30","1,083.00","1,081.10","1,077.82","1,539.55","943.70","16,42,278","1,77,00,80,869.40","54,058"
"28-Mar-2023","EQ","1,099.00","1,104.60","1,066.20","1,103.00","1,073.90","1,070.30","1,075.81","1,539.55","943.70","24,31,154","2,61,54,65,709.60","71,579"
"27-Mar-2023","EQ","1,090.10","1,113.65","1,090.10","1,101.95","1,101.00","1,103.00","1,105.32","1,539.55","943.70","14,55,300","1,60,85,73,087.65","49,365"
"24-Mar-2023","EQ","1,105.00","1,118.00","1,096.65","1,099.45","1,103.00","1,101.95","1,106.32","1,574.95","943.70","19,43,460","2,15,00,93,806.40","68,450"
"23-Mar-2023","EQ","1,087.10","1,112.00","1,087.10","1,099.60","1,097.00","1,099.45","1,101.42","1,574.95","943.70","17,20,354","1,89,48,27,504.80","65,074"
"22-Mar-2023","EQ","1,097.00","1,106.30","1,093.55","1,095.65","1,096.50","1,099.60","1,099.74","1,574.95","943.70","17,50,203","1,92,47,66,658.85","38,093"
"21-Mar-2023","EQ","1,104.95","1,109.85","1,086.45","1,109.00","1,096.00","1,095.65","1,095.35","1,574.95","943.70","33,54,949","3,67,48,51,644.95","1,18,768"
"20-Mar-2023","EQ","1,136.80","1,136.80","1,096.00","1,127.15","1,108.10","1,109.00","1,107.38","1,574.95","943.70","40,07,438","4,43,77,51,075.00","1,29,844"
"17-Mar-2023","EQ","1,123.35","1,132.50","1,114.20","1,117.75","1,127.00","1,127.15","1,125.08","1,574.95","943.70","25,07,004","2,82,05,89,300.35","77,278"
"16-Mar-2023","EQ","1,106.00","1,122.60","1,101.05","1,114.40","1,116.50","1,117.75","1,113.88","1,574.95","943.70","23,96,839","2,66,97,84,868.70","98,782"
"15-Mar-2023","EQ","1,124.90","1,132.20","1,110.55","1,115.30","1,115.85","1,114.40","1,117.84","1,574.95","943.70","25,83,351","2,88,77,85,363.50","95,070"
"14-Mar-2023","EQ","1,128.00","1,138.25","1,098.40","1,133.80","1,116.10","1,115.30","1,112.04","1,574.95","943.70","43,25,522","4,81,01,70,894.70","1,35,553"
"13-Mar-2023","EQ","1,125.00","1,164.70","1,125.00","1,061.25","1,134.00","1,133.80","1,144.59","1,574.95","943.70","1,30,80,169","14,97,14,07,090.85","3,01,005"